<application>
  <component name="ParameterNameHintsSettings">
    <blacklists>
      <blacklist language="Kotlin">
        <added pattern="com.litekite.connector.controller.BankServiceController.signup(username,password)" />
        <added pattern="com.litekite.connector.controller.BankServiceController.login(username,password)" />
        <added pattern="com.litekite.server.room.db.BankDatabase.Companion.isUserExists(context,username)" />
        <added pattern="com.litekite.systemui.base.SystemUI.Companion.printLog(tag,message)" />
      </blacklist>
      <blacklist language="Java">
        <added pattern="com.litekite.monetize.app.MonetizeApp.printLog(tag,message)" />
        <added pattern="com.litekite.monetize.billing.BillingManager.querySkuDetailsAsync(skuResultLMap,params,billingType,executeWhenFinished)" />
      </blacklist>
    </blacklists>
  </component>
</application>