<application>
  <component name="ParameterNameHintsSettings">
    <blacklists>
      <blacklist language="Kotlin">
        <added pattern="com.litekite.connector.controller.BankServiceController.signup(username,password)" />
        <added pattern="com.litekite.connector.controller.BankServiceController.login(username,password)" />
        <added pattern="com.litekite.server.room.db.BankDatabase.Companion.isUserExists(context,username)" />
        <added pattern="com.litekite.systemui.base.SystemUI.Companion.printLog(tag,message)" />
      </blacklist>
    </blacklists>
  </component>
</application>