<application>
  <component name="ProjectManager">
    <defaultProject>
      <component name="CMakeSettings">
        <configurations>
          <configuration PROFILE_NAME="Debug" CONFIG_NAME="Debug" />
        </configurations>
      </component>
      <component name="Encoding">
        <file url="PROJECT" charset="UTF-8" />
      </component>
      <component name="ProjectDictionaryState">
        <dictionary name="Vicky" />
      </component>
      <component name="ProjectInspectionProfilesVisibleTreeState">
        <entry key="Project Default">
          <profile-state>
            <expanded-state>
              <State />
              <State>
                <id>Abstraction issuesJava</id>
              </State>
              <State>
                <id>Android</id>
              </State>
              <State>
                <id>Chrome OSCorrectnessLintAndroid</id>
              </State>
              <State>
                <id>Code style issuesJava</id>
              </State>
              <State>
                <id>ComplianceLintAndroid</id>
              </State>
              <State>
                <id>Concurrency annotation issuesJava</id>
              </State>
              <State>
                <id>CorrectnessLintAndroid</id>
              </State>
              <State>
                <id>Google Cloud Endpoints</id>
              </State>
              <State>
                <id>Java</id>
              </State>
              <State>
                <id>LintAndroid</id>
              </State>
              <State>
                <id>PerformanceLintAndroid</id>
              </State>
              <State>
                <id>Probable bugsJava</id>
              </State>
              <State>
                <id>SecurityLintAndroid</id>
              </State>
              <State>
                <id>UsabilityLintAndroid</id>
              </State>
            </expanded-state>
            <selected-state>
              <State>
                <id>Android</id>
              </State>
            </selected-state>
          </profile-state>
        </entry>
      </component>
      <component name="ProjectRootManager" version="2" languageLevel="JDK_1_6" />
      <component name="PropertiesComponent">
        <property name="android.project.structure.last.selected" value="SDK Location" />
        <property name="android.project.structure.proportion" value="0.15" />
        <property name="android.sdk.path" value="$USER_HOME$/AppData/Local/Android/Sdk" />
        <property name="last_opened_file_path" value="$USER_HOME$/VigneshS/Personal/SystemUI" />
        <property name="settings.editor.selected.configurable" value="Errors" />
      </component>
      <component name="RunManager">
        <configuration default="true" type="AndroidRunConfigurationType" factoryName="Android App">
          <module name="" />
          <option name="DEPLOY" value="true" />
          <option name="ARTIFACT_NAME" value="" />
          <option name="PM_INSTALL_OPTIONS" value="" />
          <option name="ACTIVITY_EXTRA_FLAGS" value="" />
          <option name="MODE" value="default_activity" />
          <option name="CLEAR_LOGCAT" value="false" />
          <option name="SHOW_LOGCAT_AUTOMATICALLY" value="false" />
          <option name="SKIP_NOOP_APK_INSTALLATIONS" value="true" />
          <option name="FORCE_STOP_RUNNING_APP" value="true" />
          <option name="TARGET_SELECTION_MODE" value="SHOW_DIALOG" />
          <option name="USE_LAST_SELECTED_DEVICE" value="false" />
          <option name="PREFERRED_AVD" value="" />
          <option name="SELECTED_CLOUD_MATRIX_CONFIGURATION_ID" value="-1" />
          <option name="SELECTED_CLOUD_MATRIX_PROJECT_ID" value="" />
          <option name="DEBUGGER_TYPE" value="Auto" />
          <Auto>
            <option name="USE_JAVA_AWARE_DEBUGGER" value="false" />
            <option name="SHOW_STATIC_VARS" value="true" />
            <option name="WORKING_DIR" value="" />
            <option name="TARGET_LOGGING_CHANNELS" value="lldb process:gdb-remote packets" />
            <option name="SHOW_OPTIMIZED_WARNING" value="true" />
          </Auto>
          <Hybrid>
            <option name="USE_JAVA_AWARE_DEBUGGER" value="false" />
            <option name="SHOW_STATIC_VARS" value="true" />
            <option name="WORKING_DIR" value="" />
            <option name="TARGET_LOGGING_CHANNELS" value="lldb process:gdb-remote packets" />
            <option name="SHOW_OPTIMIZED_WARNING" value="true" />
          </Hybrid>
          <Java />
          <Native>
            <option name="USE_JAVA_AWARE_DEBUGGER" value="false" />
            <option name="SHOW_STATIC_VARS" value="true" />
            <option name="WORKING_DIR" value="" />
            <option name="TARGET_LOGGING_CHANNELS" value="lldb process:gdb-remote packets" />
            <option name="SHOW_OPTIMIZED_WARNING" value="true" />
          </Native>
          <Profilers>
            <option name="ADVANCED_PROFILING_ENABLED" value="true" />
          </Profilers>
          <option name="DEEP_LINK" value="" />
          <option name="ACTIVITY_CLASS" value="" />
          <method>
            <option name="Android.Gradle.BeforeRunTask" enabled="true" />
            <option name="com.android.instantApps.provision.BeforeRunTask" enabled="true" clearCache="false" clearProvisionedDevices="false" myTimestamp="1522399771861" />
          </method>
        </configuration>
        <configuration default="true" type="Application" factoryName="Application">
          <extension name="coverage" enabled="false" merge="false" sample_coverage="true" runner="idea" />
          <option name="MAIN_CLASS_NAME" />
          <option name="VM_PARAMETERS" />
          <option name="PROGRAM_PARAMETERS" />
          <option name="WORKING_DIRECTORY" value="$PROJECT_DIR$" />
          <option name="ALTERNATIVE_JRE_PATH_ENABLED" value="false" />
          <option name="ALTERNATIVE_JRE_PATH" />
          <option name="ENABLE_SWING_INSPECTOR" value="false" />
          <option name="ENV_VARIABLES" />
          <option name="PASS_PARENT_ENVS" value="true" />
          <module name="" />
          <envs />
          <method />
        </configuration>
        <configuration default="true" type="JUnit" factoryName="JUnit">
          <extension name="coverage" enabled="false" merge="false" sample_coverage="true" runner="idea" />
          <module name="" />
          <option name="ALTERNATIVE_JRE_PATH_ENABLED" value="false" />
          <option name="ALTERNATIVE_JRE_PATH" />
          <option name="PACKAGE_NAME" />
          <option name="MAIN_CLASS_NAME" />
          <option name="METHOD_NAME" />
          <option name="TEST_OBJECT" value="class" />
          <option name="VM_PARAMETERS" value="-ea" />
          <option name="PARAMETERS" />
          <option name="WORKING_DIRECTORY" value="$MODULE_DIR$" />
          <option name="ENV_VARIABLES" />
          <option name="PASS_PARENT_ENVS" value="true" />
          <option name="TEST_SEARCH_SCOPE">
            <value defaultName="singleModule" />
          </option>
          <envs />
          <patterns />
          <method />
        </configuration>
        <configuration default="true" type="Remote" factoryName="Remote">
          <option name="USE_SOCKET_TRANSPORT" value="true" />
          <option name="SERVER_MODE" value="false" />
          <option name="SHMEM_ADDRESS" value="javadebug" />
          <option name="HOST" value="localhost" />
          <option name="PORT" value="5005" />
          <method />
        </configuration>
        <configuration default="true" type="TestNG" factoryName="TestNG">
          <extension name="coverage" enabled="false" merge="false" sample_coverage="true" runner="idea" />
          <module name="" />
          <option name="ALTERNATIVE_JRE_PATH_ENABLED" value="false" />
          <option name="ALTERNATIVE_JRE_PATH" />
          <option name="SUITE_NAME" />
          <option name="PACKAGE_NAME" />
          <option name="MAIN_CLASS_NAME" />
          <option name="METHOD_NAME" />
          <option name="GROUP_NAME" />
          <option name="TEST_OBJECT" value="CLASS" />
          <option name="VM_PARAMETERS" value="-ea" />
          <option name="PARAMETERS" />
          <option name="WORKING_DIRECTORY" value="$PROJECT_DIR$" />
          <option name="OUTPUT_DIRECTORY" />
          <option name="ANNOTATION_TYPE" />
          <option name="ENV_VARIABLES" />
          <option name="PASS_PARENT_ENVS" value="true" />
          <option name="TEST_SEARCH_SCOPE">
            <value defaultName="singleModule" />
          </option>
          <option name="USE_DEFAULT_REPORTERS" value="false" />
          <option name="PROPERTIES_FILE" />
          <envs />
          <properties />
          <listeners />
          <method />
        </configuration>
        <configuration name="&lt;template&gt;" type="Applet" default="true" selected="false">
          <option name="MAIN_CLASS_NAME" />
          <option name="HTML_FILE_NAME" />
          <option name="HTML_USED" value="false" />
          <option name="WIDTH" value="400" />
          <option name="HEIGHT" value="300" />
          <option name="POLICY_FILE" value="$APPLICATION_HOME_DIR$/bin/appletviewer.policy" />
          <option name="VM_PARAMETERS" />
        </configuration>
        <configuration name="&lt;template&gt;" type="#org.jetbrains.idea.devkit.run.PluginConfigurationType" default="true" selected="false">
          <option name="VM_PARAMETERS" value="-Xmx512m -Xms256m -XX:MaxPermSize=250m -ea" />
        </configuration>
      </component>
      <component name="VcsContentAnnotationSettings">
        <option name="myLimit" value="2678400000" />
      </component>
      <component name="masterDetails">
        <states>
          <state key="ProjectJDKs.UI">
            <settings>
              <last-edited>1.7</last-edited>
              <splitter-proportions>
                <option name="proportions">
                  <list>
                    <option value="0.2" />
                  </list>
                </option>
              </splitter-proportions>
            </settings>
          </state>
        </states>
      </component>
    </defaultProject>
  </component>
</application>